{"capital": 30692.055618556024, "premium_tokens": 0, "total_revenue": 26793.35770188937, "last_login": "2026-05-28T12:33:59.349035", "upgrades": {}}